<?xml version="1.0" encoding="UTF-8"?>
<beans xmlns="http://www.springframework.org/schema/beans"
	xmlns:xsi="http://www.w3.org/2001/XMLSchema-instance" 
	xmlns:aop="http://www.springframework.org/schema/aop"
	
	xmlns:context="http://www.springframework.org/schema/context" 
	
	xsi:schemaLocation="http://www.springframework.org/schema/beans 
	http://www.springframework.org/schema/beans/spring-beans-4.0.xsd
	 http://www.springframework.org/schema/context 
     http://www.springframework.org/schema/context/spring-context-4.0.xsd">

	<!-- <bean id="dbUtil" class="com.cg.appl.util.EntityManageUtil" />   -->  <!-- dont create obj of class, jst write name of class & give nickname-->
		
	<context:component-scan base-package="com.cg.appl.util,com.cg.appl.daos,com.cg.appl.services" />


<!-- <bean id="empDao" class="com.cg.appl.daos.EmpDaoImpl" >    dont create obj of class, jst write name of class & give nickname
		<property name="util" ref="dbUtil" />       dont call setter method,jst write name of property & set value			
</bean>
 -->
 
 
 
<!-- <bean id="empService" class="com.cg.appl.services.EmpServicesImpl" >    dont create obj of class, jst write name of class & give nickname
		<property name="dao" ref="empDao" />       dont call setter method,jst write name of property & set value			
</bean> -->

</beans>