<?xml version="1.0" encoding="UTF-8"?>
<beans xmlns="http://www.springframework.org/schema/beans"
	xmlns:xsi="http://www.w3.org/2001/XMLSchema-instance" 
	xmlns:aop="http://www.springframework.org/schema/aop"
	
	xmlns:context="http://www.springframework.org/schema/context" 
	
	xsi:schemaLocation="http://www.springframework.org/schema/beans 
	http://www.springframework.org/schema/beans/spring-beans-4.0.xsd
	 http://www.springframework.org/schema/context 
     http://www.springframework.org/schema/context/spring-context-4.0.xsd">

	<import resource="dbConfig.xml"></import>
	
	<context:component-scan base-package="com.cg.appl" />

	<!-- <bean id="dataSource" class="org.springframework.jdbc.datasource.DriverManagerDataSource">
		<property name="driverClassName" value="${driver}"/>
		<property name="url" value="${url}" />
		<property name="username" value="${user}"/>
		<property name="password" value="${pass}"/>
	
	
	</bean>
	
	<bean id="jdbcTemplate" class="org.springframework.jdbc.core.JdbcTemplate">
		<property name="dataSource" ref="dataSource"/>
	
	</bean>
 -->


	<bean class="org.springframework.beans.factory.config.PropertyPlaceholderConfigurer">
	<property name="location"  value="oracle.properties">
		
	
	</property>
	</bean>
	
	
</beans>