<?xml version="1.0" encoding="UTF-8"?>
<beans xmlns="http://www.springframework.org/schema/beans"
	xmlns:xsi="http://www.w3.org/2001/XMLSchema-instance" 
	xmlns:aop="http://www.springframework.org/schema/aop"
	xsi:schemaLocation="http://www.springframework.org/schema/beans 
	http://www.springframework.org/schema/beans/spring-beans-4.0.xsd">

	<bean id="companyDetails" class="com.cg.appl.commons.CompanyDetails" >    <!-- dont create obj of class, jst write name of class & give nickname-->
		
		
		
		<constructor-arg index="1">                     <!-- Constructor injection -->
			<value>Always ahead of time</value>
		</constructor-arg>
		
		<constructor-arg index="0" value="143"/>
			
		
		<constructor-arg index="2" ref="address"/>
			
		
		
		
		<property name="companyName" value="Capgemini Solutions" />       <!-- dont call setter method,jst write name of property & set value -->
		<!-- <property name="companyMotto" value="Always ahead of time" /> -->
		<!-- <property name="niftyRank" value="150" /> -->
		<!-- <property name="addr" ref="address" />  -->            <!-- setter injection -->
	<property name="directors">
		<list>
			<value>Mr.Abc</value>
			<value>Mr.Pqr</value>
			<value>Mr.Xyz</value>
		</list>
	</property>
	
	<property name="branches">
		<set>
			<value>Mumbai</value>
			<value>Pune</value>
			<value>Bangalore</value>
		</set>
	</property>
	
	<property name="branchAddr">
		<map>
			<entry key="Mumbai">
				<value>BKC</value>
			</entry>
			<entry key="Pune">
				<value>Hinjewadi</value>
			</entry>
			<entry key="Banglore">
				<value>Whitefield</value>
			</entry>
		</map>
	</property>
	
	<property name="ipAddresses" ref="ipsConfig"/>
	</bean>

<bean id="ipsConfig" class="org.springframework.beans.factory.config.PropertiesFactoryBean">
	<property name="location" value="classpath:server.properties"/>
</bean>


<bean id="address" class="com.cg.appl.commons.Address" >    <!-- dont create obj of class, jst write name of class & give nickname-->
		<property name="line1" value="GLC, Sector 104" />       <!-- dont call setter method,jst write name of property & set value -->
		<property name="line2" value="MIDC Talwade" />
		<property name="area" value="Talwade" />
		<property name="city" value="Pune" />       <!-- dont call setter method,jst write name of property & set value -->
		<property name="state" value="Maharashtra" />
		<property name="country" value="India" />
		<property name="pin" value="411202" />
		
	</bean>
	
	
	<bean id="emp" class="com.cg.appl.entities.Emp" scope="prototype">    <!-- for Entity prototype Beans -->
	
	</bean>
	

</beans>