<?xml version="1.0" encoding="UTF-8"?>
<beans xmlns="http://www.springframework.org/schema/beans"
	xmlns:xsi="http://www.w3.org/2001/XMLSchema-instance" 
	xmlns:aop="http://www.springframework.org/schema/aop"
	xsi:schemaLocation="http://www.springframework.org/schema/beans 
	http://www.springframework.org/schema/beans/spring-beans-4.0.xsd">

	<bean id="employeeDetails" class="com.cg.appl.commons.EmployeeDetails" >    
		<property name="empId" value="12345" />      
		<property name="empName" value="Harriet" />
		<property name="empSal" value="40000" />
		<property name="age" value="30" />
		<property name="businessUnit" ref="sbu" />             
	</bean>

   <bean id="sbu" class="com.cg.appl.commons.SBU" >    
		<property name="sbuId" value="1001" />      
		<property name="sbuName" value="Product Engineering Services" />
		<property name="sbuHead" value="Kiran Rao" />     
   </bean>

</beans>