<?xml version="1.0" encoding="UTF-8"?>
<beans xmlns="http://www.springframework.org/schema/beans"
	xmlns:xsi="http://www.w3.org/2001/XMLSchema-instance" xmlns:aop="http://www.springframework.org/schema/aop"
	xmlns:context="http://www.springframework.org/schema/context"

	xsi:schemaLocation="http://www.springframework.org/schema/beans 
	http://www.springframework.org/schema/beans/spring-beans-4.0.xsd
	 http://www.springframework.org/schema/context
     http://www.springframework.org/schema/context/spring-context-4.0.xsd">
     
 

	<context:component-scan base-package="com.cg.appl" />
	<bean id="collection" class="com.cg.appl.collection.Collection">


		<property name="empMap">
			<map>
				<entry key="101">
											<bean id="emp1" class="com.cg.appl.entities.Emp">
							<property name="eId" value="101" />
							<property name="eName" value="RAMA" />
							<property name="salary" value="25000" />
						</bean>
				
				</entry>
				<entry key="102">
					
						<bean id="emp1" class="com.cg.appl.entities.Emp">
							<property name="eId" value="102" />
							<property name="eName" value="Neha" />
							<property name="salary" value="25000" />
						</bean>
					
				</entry>
				<entry key="103">
					
						<bean id="emp1" class="com.cg.appl.entities.Emp">
							<property name="eId" value="103" />
							<property name="eName" value="Adwait" />
							<property name="salary" value="25000" />
						</bean>
					
				</entry>
			</map>

		</property>
	</bean>

</beans>